Workbook

Sheet Input
C2: SITE NAME INPUT | K2: SUBNET INPUT | P2: ADJACENT SITE INPUT | V2: SITE LINK INPUT
C3: Teste | D3: <site name=" | E3: "> | G3: <subnet> | H3: </subnet> | K3: 167.252.84.0/24 | N3: <adjacent> | P3: Teste1 | Q3: </adjacent> | U3: <link> | V3: Connection-Teste | W3: </link>
D4: <site name=" | E4: "> | G4: <subnet> | H4: </subnet> | K4: 10.134.84.0/24 | N4: <adjacent> | P4: Teste2 | Q4: </adjacent> | U4: <link> | W4: </link>
D5: <site name=" | E5: "> | G5: <subnet> | H5: </subnet> | K5: 10.137.84.0/24 | N5: <adjacent> | P5: Teste3 | Q5: </adjacent> | U5: <link> | W5: </link>
D6: <site name=" | E6: "> | G6: <subnet> | H6: </subnet> | K6: 10.147.77.0/26 | N6: <adjacent> | P6: Teste4 | Q6: </adjacent> | U6: <link> | W6: </link>
D7: <site name=" | E7: "> | G7: <subnet> | H7: </subnet> | K7: 10.147.84.0/24 | N7: <adjacent> | P7: Teste5 | Q7: </adjacent> | U7: <link> | W7: </link>
D8: <site name=" | E8: "> | G8: <subnet> | H8: </subnet> | K8: 10.141.84.0/24 | N8: <adjacent> | P8: Teste6 | Q8: </adjacent> | U8: <link> | W8: </link>
D9: <site name=" | E9: "> | G9: <subnet> | H9: </subnet> | K9: 10.144.84.0/24 | N9: <adjacent> | P9: Teste7 | Q9: </adjacent> | U9: <link> | W9: </link>
D10: <site name=" | E10: "> | G10: <subnet> | H10: </subnet> | K10: 10.235.85.128/25 | N10: <adjacent> | P10: Teste8 | Q10: </adjacent> | U10: <link> | W10: </link>
D11: <site name=" | E11: "> | G11: <subnet> | H11: </subnet> | N11: <adjacent> | P11: Teste9 | Q11: </adjacent> | U11: <link> | W11: </link>
D12: <site name=" | E12: "> | G12: <subnet> | H12: </subnet> | N12: <adjacent> | P12: Teste10 | Q12: </adjacent> | U12: <link> | W12: </link>
D13: <site name=" | E13: "> | G13: <subnet> | H13: </subnet> | N13: <adjacent> | Q13: </adjacent> | U13: <link> | W13: </link>
D14: <site name=" | E14: "> | G14: <subnet> | H14: </subnet> | N14: <adjacent> | Q14: </adjacent> | U14: <link> | W14: </link>
D15: <site name=" | E15: "> | G15: <subnet> | H15: </subnet> | N15: <adjacent> | Q15: </adjacent> | U15: <link> | W15: </link>
D16: <site name=" | E16: "> | G16: <subnet> | H16: </subnet> | N16: <adjacent> | Q16: </adjacent> | U16: <link> | W16: </link>
D17: <site name=" | E17: "> | G17: <subnet> | H17: </subnet> | N17: <adjacent> | Q17: </adjacent> | U17: <link> | W17: </link>
D18: <site name=" | E18: "> | G18: <subnet> | H18: </subnet> | N18: <adjacent> | Q18: </adjacent> | U18: <link> | W18: </link>
D19: <site name=" | E19: "> | G19: <subnet> | H19: </subnet> | N19: <adjacent> | Q19: </adjacent> | U19: <link> | W19: </link>
D20: <site name=" | E20: "> | G20: <subnet> | H20: </subnet> | N20: <adjacent> | Q20: </adjacent> | U20: <link> | W20: </link>
D21: <site name=" | E21: "> | G21: <subnet> | H21: </subnet> | N21: <adjacent> | Q21: </adjacent> | U21: <link> | W21: </link>
D22: <site name=" | E22: "> | G22: <subnet> | H22: </subnet> | N22: <adjacent> | Q22: </adjacent> | U22: <link> | W22: </link>
D23: <site name=" | E23: "> | G23: <subnet> | H23: </subnet> | N23: <adjacent> | Q23: </adjacent> | U23: <link> | W23: </link>
D24: <site name=" | E24: "> | G24: <subnet> | H24: </subnet> | N24: <adjacent> | Q24: </adjacent> | U24: <link> | W24: </link>
... D42: <site name=" | E42: "> | G42: <subnet> | H42: </subnet> | N42: <adjacent> | Q42: </adjacent> | U42: <link> | W42: </link>
G43: <subnet> | H43: </subnet> | N43: <adjacent> | Q43: </adjacent> | U43: <link> | W43: </link>
G44: <subnet> | H44: </subnet> | N44: <adjacent> | Q44: </adjacent> | U44: <link> | W44: </link>
G45: <subnet> | H45: </subnet> | N45: <adjacent> | Q45: </adjacent> | U45: <link> | W45: </link>
G46: <subnet> | H46: </subnet> | N46: <adjacent> | Q46: </adjacent> | U46: <link> | W46: </link>
G47: <subnet> | H47: </subnet> | N47: <adjacent> | Q47: </adjacent> | U47: <link> | W47: </link>
G48: <subnet> | H48: </subnet> | N48: <adjacent> | Q48: </adjacent> | U48: <link> | W48: </link>
G49: <subnet> | H49: </subnet> | N49: <adjacent> | Q49: </adjacent> | U49: <link> | W49: </link>
G50: <subnet> | H50: </subnet> | N50: <adjacent> | Q50: </adjacent> | U50: <link> | W50: </link>
G51: <subnet> | H51: </subnet> | N51: <adjacent> | Q51: </adjacent> | U51: <link> | W51: </link>
G52: <subnet> | H52: </subnet> | N52: <adjacent> | Q52: </adjacent> | U52: <link> | W52: </link>
G53: <subnet> | H53: </subnet> | N53: <adjacent> | Q53: </adjacent> | U53: <link> | W53: </link>
G54: <subnet> | H54: </subnet> | N54: <adjacent> | Q54: </adjacent> | U54: <link> | W54: </link>
... G112: <subnet> | H112: </subnet> | N112: <adjacent> | Q112: </adjacent> | U112: <link> | W112: </link>

Sheet Output
B2: SITE NAME OUTPUT | D2: SUBNET OUTPUT | F2: ADJACENT SITE OUTPUT | H2: SITE LINK OUTPUT
B3: =CONCATENATE(Input!D3,Input!C3,Input!E3) -> <site name="Teste"> | D3: =CONCATENATE(Input!G3,Input!K3,Input!H3) -> <subnet>167.252.84.0/24</subnet> | F3: =CONCATENATE(Input!N3,Input!P3,Input!Q3) -> <adjacent>Teste1</adjacent> | H3: =CONCATENATE(Input!U3,Input!V3,Input!W3) -> <link>Connection-Teste</link>
D4: =CONCATENATE(Input!G4,Input!K4,Input!H4) -> <subnet>10.134.84.0/24</subnet> | F4: =CONCATENATE(Input!N4,Input!P4,Input!Q4) -> <adjacent>Teste2</adjacent> | H4: =CONCATENATE(Input!U4,Input!V4,Input!W4) -> <link></link>
D5: =CONCATENATE(Input!G5,Input!K5,Input!H5) -> <subnet>10.137.84.0/24</subnet> | F5: =CONCATENATE(Input!N5,Input!P5,Input!Q5) -> <adjacent>Teste3</adjacent> | H5: =CONCATENATE(Input!U5,Input!V5,Input!W5) -> <link></link>
D6: =CONCATENATE(Input!G6,Input!K6,Input!H6) -> <subnet>10.147.77.0/26</subnet> | F6: =CONCATENATE(Input!N6,Input!P6,Input!Q6) -> <adjacent>Teste4</adjacent> | H6: =CONCATENATE(Input!U6,Input!V6,Input!W6) -> <link></link>
D7: =CONCATENATE(Input!G7,Input!K7,Input!H7) -> <subnet>10.147.84.0/24</subnet> | F7: =CONCATENATE(Input!N7,Input!P7,Input!Q7) -> <adjacent>Teste5</adjacent> | H7: =CONCATENATE(Input!U7,Input!V7,Input!W7) -> <link></link>
D8: =CONCATENATE(Input!G8,Input!K8,Input!H8) -> <subnet>10.141.84.0/24</subnet> | F8: =CONCATENATE(Input!N8,Input!P8,Input!Q8) -> <adjacent>Teste6</adjacent> | H8: =CONCATENATE(Input!U8,Input!V8,Input!W8) -> <link></link>
D9: =CONCATENATE(Input!G9,Input!K9,Input!H9) -> <subnet>10.144.84.0/24</subnet> | F9: =CONCATENATE(Input!N9,Input!P9,Input!Q9) -> <adjacent>Teste7</adjacent> | H9: =CONCATENATE(Input!U9,Input!V9,Input!W9) -> <link></link>
D10: =CONCATENATE(Input!G10,Input!K10,Input!H10) -> <subnet>10.235.85.128/25</subnet> | F10: =CONCATENATE(Input!N10,Input!P10,Input!Q10) -> <adjacent>Teste8</adjacent> | H10: =CONCATENATE(Input!U10,Input!V10,Input!W10) -> <link></link>
D11: =CONCATENATE(Input!G11,Input!K11,Input!H11) -> <subnet></subnet> | F11: =CONCATENATE(Input!N11,Input!P11,Input!Q11) -> <adjacent>Teste9</adjacent> | H11: =CONCATENATE(Input!U11,Input!V11,Input!W11) -> <link></link>
D12: =CONCATENATE(Input!G12,Input!K12,Input!H12) -> <subnet></subnet> | F12: =CONCATENATE(Input!N12,Input!P12,Input!Q12) -> <adjacent>Teste10</adjacent> | H12: =CONCATENATE(Input!U12,Input!V12,Input!W12) -> <link></link>
D13: =CONCATENATE(Input!G13,Input!K13,Input!H13) -> <subnet></subnet> | F13: =CONCATENATE(Input!N13,Input!P13,Input!Q13) -> <adjacent></adjacent> | H13: =CONCATENATE(Input!U13,Input!V13,Input!W13) -> <link></link>
D14: =CONCATENATE(Input!G14,Input!K14,Input!H14) -> <subnet></subnet> | F14: =CONCATENATE(Input!N14,Input!P14,Input!Q14) -> <adjacent></adjacent> | H14: =CONCATENATE(Input!U14,Input!V14,Input!W14) -> <link></link>
D15: =CONCATENATE(Input!G15,Input!K15,Input!H15) -> <subnet></subnet> | F15: =CONCATENATE(Input!N15,Input!P15,Input!Q15) -> <adjacent></adjacent> | H15: =CONCATENATE(Input!U15,Input!V15,Input!W15) -> <link></link>
... D112: =CONCATENATE(Input!G112,Input!K112,Input!H112) -> <subnet></subnet> | F112: =CONCATENATE(Input!N112,Input!P112,Input!Q112) -> <adjacent></adjacent> | H112: =CONCATENATE(Input!U112,Input!V112,Input!W112) -> <link></link>
